timestamp;buyer;seller;symbol;currency;price;quantity
0;;;STARFRUIT;SEASHELLS;5003;13
0;;;STARFRUIT;SEASHELLS;5003;1
0;;SUBMISSION;AMETHYSTS;SEASHELLS;10002;1
1100;;;AMETHYSTS;SEASHELLS;9996;2
1200;SUBMISSION;;AMETHYSTS;SEASHELLS;9998;1
1300;;SUBMISSION;AMETHYSTS;SEASHELLS;10002;1
1700;;;AMETHYSTS;SEASHELLS;10002;1
1700;;;STARFRUIT;SEASHELLS;5002;8
1800;;SUBMISSION;AMETHYSTS;SEASHELLS;10002;1
1900;;;STARFRUIT;SEASHELLS;5002;1
2000;SUBMISSION;;AMETHYSTS;SEASHELLS;9998;1
2400;;;STARFRUIT;SEASHELLS;4997;1
2900;;;AMETHYSTS;SEASHELLS;9996;11
2900;;;AMETHYSTS;SEASHELLS;9996;1
3000;;;AMETHYSTS;SEASHELLS;10005;1
3000;;;STARFRUIT;SEASHELLS;5003;1
3100;;;STARFRUIT;SEASHELLS;4996;2
3100;;;AMETHYSTS;SEASHELLS;9996;2
3200;;;AMETHYSTS;SEASHELLS;9996;1
3200;;;STARFRUIT;SEASHELLS;4996;2
3600;SUBMISSION;;AMETHYSTS;SEASHELLS;9998;4
3700;;SUBMISSION;AMETHYSTS;SEASHELLS;10002;1
3800;;;AMETHYSTS;SEASHELLS;9996;1
3800;;;STARFRUIT;SEASHELLS;4997;1
3800;;;STARFRUIT;SEASHELLS;4997;14
4200;;;AMETHYSTS;SEASHELLS;9996;2
4300;;;STARFRUIT;SEASHELLS;4998;2
4300;;;STARFRUIT;SEASHELLS;5003;1
4300;SUBMISSION;;AMETHYSTS;SEASHELLS;9998;1
4300;SUBMISSION;;AMETHYSTS;SEASHELLS;9998;2
4500;;;STARFRUIT;SEASHELLS;4997;1
4700;SUBMISSION;;STARFRUIT;SEASHELLS;4998;7
4800;;;AMETHYSTS;SEASHELLS;10004;2
4800;;;STARFRUIT;SEASHELLS;5004;2
5300;;SUBMISSION;STARFRUIT;SEASHELLS;5002;1
5600;;SUBMISSION;STARFRUIT;SEASHELLS;5002;2
5700;;;STARFRUIT;SEASHELLS;4999;1
6100;;;STARFRUIT;SEASHELLS;4999;1
6500;SUBMISSION;;AMETHYSTS;SEASHELLS;9998;1
6600;;;AMETHYSTS;SEASHELLS;10004;2
6700;;;AMETHYSTS;SEASHELLS;10002;3
6900;;;STARFRUIT;SEASHELLS;5003;1
6900;;;AMETHYSTS;SEASHELLS;10002;1
7000;;SUBMISSION;STARFRUIT;SEASHELLS;5002;4
7000;;SUBMISSION;STARFRUIT;SEASHELLS;5002;2
7000;;;AMETHYSTS;SEASHELLS;10005;2
7300;;;STARFRUIT;SEASHELLS;5004;2
7300;;SUBMISSION;AMETHYSTS;SEASHELLS;10002;1
7300;;SUBMISSION;AMETHYSTS;SEASHELLS;10002;2
7400;;;STARFRUIT;SEASHELLS;4998;1
7700;;;STARFRUIT;SEASHELLS;4997;1
8100;;;AMETHYSTS;SEASHELLS;9996;1
8100;;;STARFRUIT;SEASHELLS;5004;1
8600;;;STARFRUIT;SEASHELLS;4998;1
8800;SUBMISSION;;AMETHYSTS;SEASHELLS;9998;1
9200;;;STARFRUIT;SEASHELLS;5003;1
9900;;SUBMISSION;STARFRUIT;SEASHELLS;5001;4
10300;;;AMETHYSTS;SEASHELLS;9998;1
10300;;SUBMISSION;STARFRUIT;SEASHELLS;5001;1
10400;;SUBMISSION;AMETHYSTS;SEASHELLS;10002;1
10600;SUBMISSION;;AMETHYSTS;SEASHELLS;10000;4
10800;;;AMETHYSTS;SEASHELLS;10004;2
10800;;;AMETHYSTS;SEASHELLS;10004;10
11000;;SUBMISSION;STARFRUIT;SEASHELLS;5002;7
11100;;;AMETHYSTS;SEASHELLS;9998;4
11100;;;AMETHYSTS;SEASHELLS;9998;3
11300;;;STARFRUIT;SEASHELLS;4999;3
11400;;;AMETHYSTS;SEASHELLS;9996;1
11400;;;STARFRUIT;SEASHELLS;4997;2
11500;;;AMETHYSTS;SEASHELLS;10002;2
11700;SUBMISSION;;STARFRUIT;SEASHELLS;4998;2
11800;SUBMISSION;;AMETHYSTS;SEASHELLS;10000;5
11800;;;STARFRUIT;SEASHELLS;5003;1
11800;;;STARFRUIT;SEASHELLS;5000;4
12000;;SUBMISSION;AMETHYSTS;SEASHELLS;10002;1
12400;;;STARFRUIT;SEASHELLS;5005;15
12500;;;STARFRUIT;SEASHELLS;4998;1
13000;;SUBMISSION;AMETHYSTS;SEASHELLS;10002;1
13000;;SUBMISSION;STARFRUIT;SEASHELLS;5002;1
13200;;;AMETHYSTS;SEASHELLS;9998;2
13300;;;STARFRUIT;SEASHELLS;5004;2
13300;;;AMETHYSTS;SEASHELLS;10005;2
13600;;;STARFRUIT;SEASHELLS;4997;1
13700;SUBMISSION;;AMETHYSTS;SEASHELLS;9998;4
13900;;;STARFRUIT;SEASHELLS;5001;6
13900;SUBMISSION;;AMETHYSTS;SEASHELLS;10000;6
14200;SUBMISSION;;STARFRUIT;SEASHELLS;4998;1
14600;SUBMISSION;;AMETHYSTS;SEASHELLS;10000;1
15000;;;STARFRUIT;SEASHELLS;5003;2
15000;;SUBMISSION;STARFRUIT;SEASHELLS;5003;8
15200;SUBMISSION;;STARFRUIT;SEASHELLS;4998;1
15300;;;AMETHYSTS;SEASHELLS;10002;1
15400;;;AMETHYSTS;SEASHELLS;9998;1
15500;;SUBMISSION;AMETHYSTS;SEASHELLS;10002;1
15600;;;AMETHYSTS;SEASHELLS;10004;2
15600;;;STARFRUIT;SEASHELLS;5003;2
15700;;;AMETHYSTS;SEASHELLS;10002;1
15700;;SUBMISSION;AMETHYSTS;SEASHELLS;10002;5
15800;;SUBMISSION;STARFRUIT;SEASHELLS;5002;1
15900;SUBMISSION;;AMETHYSTS;SEASHELLS;10000;6
16200;;;AMETHYSTS;SEASHELLS;9998;1
16200;SUBMISSION;;STARFRUIT;SEASHELLS;4998;1
16200;;;STARFRUIT;SEASHELLS;4998;1
16300;;;AMETHYSTS;SEASHELLS;10004;1
16400;;;AMETHYSTS;SEASHELLS;10002;1
16600;;;STARFRUIT;SEASHELLS;4996;1
16700;;SUBMISSION;STARFRUIT;SEASHELLS;5001;1
16700;;SUBMISSION;AMETHYSTS;SEASHELLS;10002;1
16800;;;AMETHYSTS;SEASHELLS;9995;5
18200;SUBMISSION;;STARFRUIT;SEASHELLS;4997;4
18200;;;STARFRUIT;SEASHELLS;4996;1
18500;SUBMISSION;;AMETHYSTS;SEASHELLS;10000;1
18500;;;STARFRUIT;SEASHELLS;5000;1
18600;;SUBMISSION;AMETHYSTS;SEASHELLS;10002;1
19000;SUBMISSION;;STARFRUIT;SEASHELLS;4996;10
19200;SUBMISSION;;AMETHYSTS;SEASHELLS;9998;1
19300;;;AMETHYSTS;SEASHELLS;9996;1
19300;;;STARFRUIT;SEASHELLS;4996;1
19700;;SUBMISSION;AMETHYSTS;SEASHELLS;10002;1
19700;;;STARFRUIT;SEASHELLS;4997;1
20100;;SUBMISSION;AMETHYSTS;SEASHELLS;10002;1
20100;;;AMETHYSTS;SEASHELLS;10002;4
20200;SUBMISSION;;AMETHYSTS;SEASHELLS;9998;1
20300;SUBMISSION;;STARFRUIT;SEASHELLS;4997;1
20400;;;STARFRUIT;SEASHELLS;4999;4
20400;SUBMISSION;;AMETHYSTS;SEASHELLS;10000;1
20500;;SUBMISSION;STARFRUIT;SEASHELLS;4999;4
20500;;;AMETHYSTS;SEASHELLS;9998;1
20700;;SUBMISSION;AMETHYSTS;SEASHELLS;10002;1
20700;;;AMETHYSTS;SEASHELLS;10000;6
21200;SUBMISSION;;AMETHYSTS;SEASHELLS;9998;1
21300;;;AMETHYSTS;SEASHELLS;9996;7
21300;;;AMETHYSTS;SEASHELLS;9996;1
21500;;SUBMISSION;STARFRUIT;SEASHELLS;5000;4
21600;;SUBMISSION;AMETHYSTS;SEASHELLS;10002;12
21700;;;STARFRUIT;SEASHELLS;5002;8
21900;;SUBMISSION;AMETHYSTS;SEASHELLS;10002;3
22100;;;STARFRUIT;SEASHELLS;4997;1
22200;;;AMETHYSTS;SEASHELLS;9998;6
22400;SUBMISSION;;AMETHYSTS;SEASHELLS;9998;1
22400;;;AMETHYSTS;SEASHELLS;10004;2
22500;;;STARFRUIT;SEASHELLS;5003;11
22700;;;STARFRUIT;SEASHELLS;4997;1
22800;;;STARFRUIT;SEASHELLS;4996;1
22800;SUBMISSION;;AMETHYSTS;SEASHELLS;9998;2
23200;;;AMETHYSTS;SEASHELLS;9998;2
23200;;;STARFRUIT;SEASHELLS;4997;2
23300;;;AMETHYSTS;SEASHELLS;9998;1
23500;;;STARFRUIT;SEASHELLS;4998;1
23700;;;AMETHYSTS;SEASHELLS;9996;6
23700;;;AMETHYSTS;SEASHELLS;9996;2
23700;;SUBMISSION;AMETHYSTS;SEASHELLS;10002;1
23800;;SUBMISSION;STARFRUIT;SEASHELLS;5003;1
23900;;SUBMISSION;STARFRUIT;SEASHELLS;5002;1
24100;;;STARFRUIT;SEASHELLS;5001;1
24100;;;AMETHYSTS;SEASHELLS;9996;7
24100;;;AMETHYSTS;SEASHELLS;9996;1
24400;;SUBMISSION;STARFRUIT;SEASHELLS;5002;1
24400;;SUBMISSION;AMETHYSTS;SEASHELLS;10002;1
24500;;;STARFRUIT;SEASHELLS;4997;1
24500;;;AMETHYSTS;SEASHELLS;9996;1
24500;;SUBMISSION;AMETHYSTS;SEASHELLS;10002;1
24600;;;STARFRUIT;SEASHELLS;5001;5
24600;SUBMISSION;;AMETHYSTS;SEASHELLS;9998;2
24900;;SUBMISSION;AMETHYSTS;SEASHELLS;10002;1
24900;;;STARFRUIT;SEASHELLS;4999;4
25100;;SUBMISSION;AMETHYSTS;SEASHELLS;10002;1
25200;;;AMETHYSTS;SEASHELLS;10002;1
25200;SUBMISSION;;AMETHYSTS;SEASHELLS;9998;5
25200;;;AMETHYSTS;SEASHELLS;9998;3
25200;;;STARFRUIT;SEASHELLS;5001;1
25300;;;STARFRUIT;SEASHELLS;4995;1
25400;;SUBMISSION;STARFRUIT;SEASHELLS;5000;4
25500;SUBMISSION;;AMETHYSTS;SEASHELLS;9998;5
25500;SUBMISSION;;AMETHYSTS;SEASHELLS;9998;1
25700;;;AMETHYSTS;SEASHELLS;10004;2
25800;;;STARFRUIT;SEASHELLS;4995;1
25800;;SUBMISSION;AMETHYSTS;SEASHELLS;10002;4
26000;;;STARFRUIT;SEASHELLS;4995;2
26000;SUBMISSION;;STARFRUIT;SEASHELLS;4995;5
26300;SUBMISSION;;AMETHYSTS;SEASHELLS;9998;1
26400;;;STARFRUIT;SEASHELLS;4994;1
26600;SUBMISSION;;AMETHYSTS;SEASHELLS;9998;1
26800;;SUBMISSION;STARFRUIT;SEASHELLS;4998;1
26900;SUBMISSION;;STARFRUIT;SEASHELLS;4992;1
26900;;SUBMISSION;AMETHYSTS;SEASHELLS;10002;1
27300;;SUBMISSION;STARFRUIT;SEASHELLS;4996;1
27600;;;STARFRUIT;SEASHELLS;4992;1
27600;;;AMETHYSTS;SEASHELLS;9998;4
27700;SUBMISSION;;STARFRUIT;SEASHELLS;4993;5
27800;;;STARFRUIT;SEASHELLS;4997;1
27900;;SUBMISSION;STARFRUIT;SEASHELLS;4998;1
28200;;;STARFRUIT;SEASHELLS;4997;5
28200;;;STARFRUIT;SEASHELLS;4997;6
28200;SUBMISSION;;AMETHYSTS;SEASHELLS;9998;2
28300;SUBMISSION;;STARFRUIT;SEASHELLS;4994;2
28400;;;STARFRUIT;SEASHELLS;4992;1
28600;;SUBMISSION;AMETHYSTS;SEASHELLS;10002;1
29000;SUBMISSION;;STARFRUIT;SEASHELLS;4990;1
29000;;;AMETHYSTS;SEASHELLS;10005;8
29200;;SUBMISSION;STARFRUIT;SEASHELLS;4996;1
29300;;;STARFRUIT;SEASHELLS;4995;2
29300;;;STARFRUIT;SEASHELLS;4995;10
29400;;SUBMISSION;AMETHYSTS;SEASHELLS;10002;1
29400;;;AMETHYSTS;SEASHELLS;10002;1
29400;;;STARFRUIT;SEASHELLS;4991;1
29700;;;STARFRUIT;SEASHELLS;4991;1
30000;;;AMETHYSTS;SEASHELLS;9998;3
30000;;;AMETHYSTS;SEASHELLS;9998;1
30200;;;STARFRUIT;SEASHELLS;4997;8
30200;;;STARFRUIT;SEASHELLS;4997;2
30300;;SUBMISSION;STARFRUIT;SEASHELLS;4996;1
30600;;;STARFRUIT;SEASHELLS;4998;1
30600;;;AMETHYSTS;SEASHELLS;10002;1
30600;;;STARFRUIT;SEASHELLS;4992;1
31300;;;STARFRUIT;SEASHELLS;4992;13
31400;SUBMISSION;;AMETHYSTS;SEASHELLS;9998;1
31600;;SUBMISSION;STARFRUIT;SEASHELLS;4997;1
31900;;;AMETHYSTS;SEASHELLS;10005;2
32400;;;STARFRUIT;SEASHELLS;4991;1
32500;;;STARFRUIT;SEASHELLS;4991;1
32600;;;STARFRUIT;SEASHELLS;4997;2
32600;;SUBMISSION;AMETHYSTS;SEASHELLS;10002;2
32600;;SUBMISSION;AMETHYSTS;SEASHELLS;10002;1
32800;;;AMETHYSTS;SEASHELLS;9996;2
33000;;;AMETHYSTS;SEASHELLS;10002;6
33000;;SUBMISSION;STARFRUIT;SEASHELLS;4996;1
33100;;;STARFRUIT;SEASHELLS;4991;1
33200;SUBMISSION;;STARFRUIT;SEASHELLS;4991;10
33200;;;STARFRUIT;SEASHELLS;4990;1
33500;;;AMETHYSTS;SEASHELLS;10004;1
33500;;;STARFRUIT;SEASHELLS;4997;1
33600;;SUBMISSION;AMETHYSTS;SEASHELLS;10002;6
33800;;;STARFRUIT;SEASHELLS;4994;3
34000;;SUBMISSION;AMETHYSTS;SEASHELLS;10002;1
34000;;;STARFRUIT;SEASHELLS;4990;1
34100;;;AMETHYSTS;SEASHELLS;9996;1
34100;;;AMETHYSTS;SEASHELLS;9996;2
34200;;;STARFRUIT;SEASHELLS;4991;9
34300;;SUBMISSION;AMETHYSTS;SEASHELLS;10002;1
34500;SUBMISSION;;STARFRUIT;SEASHELLS;4991;5
34600;;;STARFRUIT;SEASHELLS;4990;1
35000;;SUBMISSION;STARFRUIT;SEASHELLS;4997;1
35000;;SUBMISSION;AMETHYSTS;SEASHELLS;10002;1
35100;;SUBMISSION;AMETHYSTS;SEASHELLS;10002;3
35300;SUBMISSION;;STARFRUIT;SEASHELLS;4993;8
35300;;;STARFRUIT;SEASHELLS;4998;1
35400;;SUBMISSION;AMETHYSTS;SEASHELLS;10002;3
35400;;SUBMISSION;STARFRUIT;SEASHELLS;4997;1
35800;SUBMISSION;;STARFRUIT;SEASHELLS;4994;2
36100;;SUBMISSION;AMETHYSTS;SEASHELLS;10002;8
36100;;;AMETHYSTS;SEASHELLS;10002;1
36200;SUBMISSION;;AMETHYSTS;SEASHELLS;9998;1
36400;;SUBMISSION;STARFRUIT;SEASHELLS;4998;1
36500;SUBMISSION;;STARFRUIT;SEASHELLS;4994;2
37300;;;STARFRUIT;SEASHELLS;4992;1
37300;SUBMISSION;;AMETHYSTS;SEASHELLS;9998;10
37400;;SUBMISSION;AMETHYSTS;SEASHELLS;10002;1
37500;;;AMETHYSTS;SEASHELLS;9996;1
37500;;;STARFRUIT;SEASHELLS;4991;1
37800;;;STARFRUIT;SEASHELLS;4991;1
38000;;SUBMISSION;AMETHYSTS;SEASHELLS;10002;1
38400;;;STARFRUIT;SEASHELLS;4993;6
38400;SUBMISSION;;AMETHYSTS;SEASHELLS;10000;6
38500;;SUBMISSION;AMETHYSTS;SEASHELLS;10002;1
38600;;;AMETHYSTS;SEASHELLS;9996;1
38600;;;STARFRUIT;SEASHELLS;4991;1
38800;;;AMETHYSTS;SEASHELLS;9996;1
39200;;;STARFRUIT;SEASHELLS;4997;1
39200;;;AMETHYSTS;SEASHELLS;9998;1
39400;;;AMETHYSTS;SEASHELLS;10004;1
39400;;;STARFRUIT;SEASHELLS;4998;1
39500;SUBMISSION;;AMETHYSTS;SEASHELLS;9998;1
39600;;SUBMISSION;STARFRUIT;SEASHELLS;4997;4
40300;SUBMISSION;;AMETHYSTS;SEASHELLS;9998;1
40500;;SUBMISSION;AMETHYSTS;SEASHELLS;10002;1
40500;SUBMISSION;;STARFRUIT;SEASHELLS;4993;1
40900;;;AMETHYSTS;SEASHELLS;10004;2
40900;;;AMETHYSTS;SEASHELLS;10004;1
40900;;;STARFRUIT;SEASHELLS;4991;1
40900;;;AMETHYSTS;SEASHELLS;10004;8
41000;SUBMISSION;;STARFRUIT;SEASHELLS;4992;1
41100;SUBMISSION;;STARFRUIT;SEASHELLS;4991;1
41400;SUBMISSION;;AMETHYSTS;SEASHELLS;10000;4
41500;;;STARFRUIT;SEASHELLS;4995;5
41700;;;STARFRUIT;SEASHELLS;4990;1
41900;SUBMISSION;;AMETHYSTS;SEASHELLS;9998;4
41900;;;STARFRUIT;SEASHELLS;4996;1
42000;;;STARFRUIT;SEASHELLS;4995;5
42000;;;STARFRUIT;SEASHELLS;4990;1
42200;;SUBMISSION;AMETHYSTS;SEASHELLS;10002;1
42300;SUBMISSION;;STARFRUIT;SEASHELLS;4991;7
42400;;;STARFRUIT;SEASHELLS;4990;1
42500;;;AMETHYSTS;SEASHELLS;10002;3
42500;;;STARFRUIT;SEASHELLS;4989;1
42500;;;AMETHYSTS;SEASHELLS;10002;1
42600;;;AMETHYSTS;SEASHELLS;9995;2
42600;;;STARFRUIT;SEASHELLS;4989;2
42900;;;AMETHYSTS;SEASHELLS;10005;2
42900;;;STARFRUIT;SEASHELLS;4995;2
43500;;;STARFRUIT;SEASHELLS;4990;1
43900;;SUBMISSION;AMETHYSTS;SEASHELLS;10002;4
44100;SUBMISSION;;AMETHYSTS;SEASHELLS;9998;1
44500;;;STARFRUIT;SEASHELLS;4995;1
44800;SUBMISSION;;AMETHYSTS;SEASHELLS;9998;1
45000;;SUBMISSION;AMETHYSTS;SEASHELLS;10002;1
45400;SUBMISSION;;AMETHYSTS;SEASHELLS;9998;1
45400;;;STARFRUIT;SEASHELLS;4988;1
45500;;;STARFRUIT;SEASHELLS;4990;3
45500;SUBMISSION;;AMETHYSTS;SEASHELLS;10000;3
45800;;;STARFRUIT;SEASHELLS;4986;1
45900;;;STARFRUIT;SEASHELLS;4993;2
45900;;;AMETHYSTS;SEASHELLS;10004;1
46600;;;AMETHYSTS;SEASHELLS;9998;2
46600;;;STARFRUIT;SEASHELLS;4987;2
46900;;SUBMISSION;STARFRUIT;SEASHELLS;4992;1
47100;SUBMISSION;;STARFRUIT;SEASHELLS;4988;4
47100;SUBMISSION;;AMETHYSTS;SEASHELLS;9998;1
47200;;SUBMISSION;AMETHYSTS;SEASHELLS;10002;1
47300;;SUBMISSION;AMETHYSTS;SEASHELLS;10002;1
47500;;;AMETHYSTS;SEASHELLS;10002;4
47900;;SUBMISSION;AMETHYSTS;SEASHELLS;10002;1
48100;;;STARFRUIT;SEASHELLS;4989;1
48100;;;AMETHYSTS;SEASHELLS;9995;2
48300;SUBMISSION;;AMETHYSTS;SEASHELLS;9998;1
48500;SUBMISSION;;AMETHYSTS;SEASHELLS;9998;1
48600;;;STARFRUIT;SEASHELLS;4989;1
48600;;;AMETHYSTS;SEASHELLS;9996;1
48600;;;STARFRUIT;SEASHELLS;4990;1
49000;;;STARFRUIT;SEASHELLS;4988;1
49200;;;STARFRUIT;SEASHELLS;4994;1
49300;;;STARFRUIT;SEASHELLS;4988;1
49400;;;STARFRUIT;SEASHELLS;4992;5
49400;;;STARFRUIT;SEASHELLS;4992;9
49500;;;STARFRUIT;SEASHELLS;4994;6
49600;;;STARFRUIT;SEASHELLS;4992;1
49800;;;STARFRUIT;SEASHELLS;4988;5
49900;;;STARFRUIT;SEASHELLS;4993;2
49900;;;AMETHYSTS;SEASHELLS;9998;6
49900;;;AMETHYSTS;SEASHELLS;10005;2
50400;SUBMISSION;;AMETHYSTS;SEASHELLS;10000;2
50400;;;AMETHYSTS;SEASHELLS;9998;1
50600;;;STARFRUIT;SEASHELLS;4986;8
50600;;;STARFRUIT;SEASHELLS;4985;1
50600;;;AMETHYSTS;SEASHELLS;9996;1
50600;;SUBMISSION;AMETHYSTS;SEASHELLS;10002;1
50800;;SUBMISSION;STARFRUIT;SEASHELLS;4991;1
50800;;SUBMISSION;AMETHYSTS;SEASHELLS;10002;5
51300;;;STARFRUIT;SEASHELLS;4985;13
51500;;SUBMISSION;STARFRUIT;SEASHELLS;4991;1
51600;;;STARFRUIT;SEASHELLS;4992;2
51600;;;AMETHYSTS;SEASHELLS;10002;1
51700;;;STARFRUIT;SEASHELLS;4986;2
51700;SUBMISSION;;STARFRUIT;SEASHELLS;4986;2
51700;;;AMETHYSTS;SEASHELLS;9995;11
51900;;;AMETHYSTS;SEASHELLS;9996;1
52100;;;AMETHYSTS;SEASHELLS;9995;8
52300;;SUBMISSION;AMETHYSTS;SEASHELLS;10002;1
52300;;;STARFRUIT;SEASHELLS;4990;1
52500;SUBMISSION;;AMETHYSTS;SEASHELLS;9998;1
52600;SUBMISSION;;AMETHYSTS;SEASHELLS;10000;4
52600;;;STARFRUIT;SEASHELLS;4988;4
52700;;;STARFRUIT;SEASHELLS;4985;1
52900;;;AMETHYSTS;SEASHELLS;10005;6
53000;;SUBMISSION;AMETHYSTS;SEASHELLS;10002;1
53200;;SUBMISSION;STARFRUIT;SEASHELLS;4990;1
53600;SUBMISSION;;AMETHYSTS;SEASHELLS;9998;9
53800;;SUBMISSION;AMETHYSTS;SEASHELLS;10002;3
53900;;;STARFRUIT;SEASHELLS;4992;2
53900;;;AMETHYSTS;SEASHELLS;10004;2
54100;;;AMETHYSTS;SEASHELLS;9998;1
54100;;;STARFRUIT;SEASHELLS;4986;1
54300;;;AMETHYSTS;SEASHELLS;10004;1
54300;;;AMETHYSTS;SEASHELLS;10004;2
54300;;;STARFRUIT;SEASHELLS;4991;1
54600;;SUBMISSION;AMETHYSTS;SEASHELLS;10002;3
54700;;;STARFRUIT;SEASHELLS;4986;4
55000;;;STARFRUIT;SEASHELLS;4984;1
55100;;;STARFRUIT;SEASHELLS;4991;2
55100;;;AMETHYSTS;SEASHELLS;10005;2
55200;;;STARFRUIT;SEASHELLS;4985;5
55300;SUBMISSION;;AMETHYSTS;SEASHELLS;9998;1
55500;;SUBMISSION;STARFRUIT;SEASHELLS;4990;1
55700;;;AMETHYSTS;SEASHELLS;9996;1
55700;;;STARFRUIT;SEASHELLS;4985;1
56300;;SUBMISSION;AMETHYSTS;SEASHELLS;10002;1
56700;;;STARFRUIT;SEASHELLS;4987;2
56700;SUBMISSION;;AMETHYSTS;SEASHELLS;10000;2
56800;;SUBMISSION;AMETHYSTS;SEASHELLS;10002;1
57200;;SUBMISSION;AMETHYSTS;SEASHELLS;10002;2
57200;;SUBMISSION;STARFRUIT;SEASHELLS;4989;1
57500;;;STARFRUIT;SEASHELLS;4989;5
57800;;;AMETHYSTS;SEASHELLS;9998;1
57900;;;AMETHYSTS;SEASHELLS;10000;2
57900;SUBMISSION;;AMETHYSTS;SEASHELLS;9998;1
57900;;;STARFRUIT;SEASHELLS;4987;2
58000;SUBMISSION;;AMETHYSTS;SEASHELLS;9998;4
58000;;;STARFRUIT;SEASHELLS;4990;12
58100;;;AMETHYSTS;SEASHELLS;10005;3
58400;;;STARFRUIT;SEASHELLS;4983;15
58600;;SUBMISSION;AMETHYSTS;SEASHELLS;10002;1
58800;;;AMETHYSTS;SEASHELLS;9995;12
59100;;;STARFRUIT;SEASHELLS;4990;1
59100;;;AMETHYSTS;SEASHELLS;10005;1
59300;;;STARFRUIT;SEASHELLS;4983;1
59500;;SUBMISSION;AMETHYSTS;SEASHELLS;10002;5
60000;;;AMETHYSTS;SEASHELLS;10005;1
60000;;;STARFRUIT;SEASHELLS;4989;1
60000;;;AMETHYSTS;SEASHELLS;9998;2
60200;;;AMETHYSTS;SEASHELLS;9995;8
60200;;;STARFRUIT;SEASHELLS;4987;3
60200;;;STARFRUIT;SEASHELLS;4987;1
60400;SUBMISSION;;AMETHYSTS;SEASHELLS;9998;1
60700;;;STARFRUIT;SEASHELLS;4988;1
60800;;;STARFRUIT;SEASHELLS;4983;1
60800;;SUBMISSION;AMETHYSTS;SEASHELLS;10002;10
61200;SUBMISSION;;AMETHYSTS;SEASHELLS;10000;2
61200;;;STARFRUIT;SEASHELLS;4986;2
61700;;;STARFRUIT;SEASHELLS;4982;1
61900;SUBMISSION;;AMETHYSTS;SEASHELLS;9998;1
61900;;;STARFRUIT;SEASHELLS;4989;2
61900;;;AMETHYSTS;SEASHELLS;10005;2
62000;;;STARFRUIT;SEASHELLS;4987;1
62200;;;AMETHYSTS;SEASHELLS;10002;4
62300;;;AMETHYSTS;SEASHELLS;10005;2
62900;SUBMISSION;;AMETHYSTS;SEASHELLS;9998;4
63000;;;STARFRUIT;SEASHELLS;4989;1
63100;;;STARFRUIT;SEASHELLS;4984;1
63400;;;STARFRUIT;SEASHELLS;4988;5
63600;;;STARFRUIT;SEASHELLS;4988;1
63800;;;STARFRUIT;SEASHELLS;4983;1
63900;;;AMETHYSTS;SEASHELLS;9995;12
64000;;;STARFRUIT;SEASHELLS;4982;1
64000;;;AMETHYSTS;SEASHELLS;9998;1
64200;;;AMETHYSTS;SEASHELLS;9996;1
64200;;;AMETHYSTS;SEASHELLS;9996;2
64400;;;AMETHYSTS;SEASHELLS;9998;4
64500;;;AMETHYSTS;SEASHELLS;9998;1
65000;SUBMISSION;;AMETHYSTS;SEASHELLS;9998;1
65100;;;AMETHYSTS;SEASHELLS;9996;1
65100;;;AMETHYSTS;SEASHELLS;9996;2
65300;;;AMETHYSTS;SEASHELLS;10002;2
65400;SUBMISSION;;AMETHYSTS;SEASHELLS;10000;3
65400;;;STARFRUIT;SEASHELLS;4986;3
66000;;;AMETHYSTS;SEASHELLS;9998;1
66100;SUBMISSION;;AMETHYSTS;SEASHELLS;9998;1
66200;;SUBMISSION;AMETHYSTS;SEASHELLS;10002;1
66300;;;STARFRUIT;SEASHELLS;4988;1
66400;SUBMISSION;;AMETHYSTS;SEASHELLS;9998;3
66900;;;STARFRUIT;SEASHELLS;4989;1
67100;;;STARFRUIT;SEASHELLS;4990;9
67200;;;STARFRUIT;SEASHELLS;4984;1
67300;;;AMETHYSTS;SEASHELLS;9998;5
67300;SUBMISSION;;AMETHYSTS;SEASHELLS;9998;3
67500;;;STARFRUIT;SEASHELLS;4983;1
67600;;;STARFRUIT;SEASHELLS;4990;12
68000;;;STARFRUIT;SEASHELLS;4984;6
68100;;;AMETHYSTS;SEASHELLS;9998;2
68200;;;STARFRUIT;SEASHELLS;4989;1
68300;;;STARFRUIT;SEASHELLS;4989;1
68600;;;STARFRUIT;SEASHELLS;4984;1
68800;SUBMISSION;;AMETHYSTS;SEASHELLS;9998;1
68900;;;STARFRUIT;SEASHELLS;4990;1
69100;;;STARFRUIT;SEASHELLS;4986;8
69100;;;STARFRUIT;SEASHELLS;4990;1
69200;;;STARFRUIT;SEASHELLS;4990;1
69200;;;STARFRUIT;SEASHELLS;4989;2
69300;;;AMETHYSTS;SEASHELLS;9998;1
69300;;;STARFRUIT;SEASHELLS;4990;1
69400;;SUBMISSION;AMETHYSTS;SEASHELLS;10002;1
69600;;;STARFRUIT;SEASHELLS;4985;1
69700;;;AMETHYSTS;SEASHELLS;9996;1
69700;;SUBMISSION;AMETHYSTS;SEASHELLS;10002;1
69700;;;STARFRUIT;SEASHELLS;4985;1
70300;;;AMETHYSTS;SEASHELLS;9998;2
70300;SUBMISSION;;AMETHYSTS;SEASHELLS;9998;2
70600;;;AMETHYSTS;SEASHELLS;9996;1
70600;;;STARFRUIT;SEASHELLS;4985;2
70800;;SUBMISSION;AMETHYSTS;SEASHELLS;10002;1
71200;;;STARFRUIT;SEASHELLS;4983;1
71200;;SUBMISSION;AMETHYSTS;SEASHELLS;10002;1
71500;;;AMETHYSTS;SEASHELLS;10002;3
71500;;SUBMISSION;AMETHYSTS;SEASHELLS;10002;1
71600;SUBMISSION;;AMETHYSTS;SEASHELLS;9998;2
71600;SUBMISSION;;AMETHYSTS;SEASHELLS;9998;1
71700;;;STARFRUIT;SEASHELLS;4984;8
71800;;SUBMISSION;AMETHYSTS;SEASHELLS;10002;1
71900;;SUBMISSION;AMETHYSTS;SEASHELLS;10002;1
72000;;;STARFRUIT;SEASHELLS;4989;1
72200;;;STARFRUIT;SEASHELLS;4988;3
72400;;SUBMISSION;AMETHYSTS;SEASHELLS;10002;1
72500;;;AMETHYSTS;SEASHELLS;10004;1
72500;;;STARFRUIT;SEASHELLS;4992;1
72600;;;STARFRUIT;SEASHELLS;4986;4
72900;;;AMETHYSTS;SEASHELLS;10004;1
72900;;;STARFRUIT;SEASHELLS;4991;1
73000;;;STARFRUIT;SEASHELLS;4984;1
73000;;;AMETHYSTS;SEASHELLS;10002;1
73100;;;AMETHYSTS;SEASHELLS;10002;1
73400;SUBMISSION;;AMETHYSTS;SEASHELLS;9998;1
73900;;;STARFRUIT;SEASHELLS;4983;5
73900;;;STARFRUIT;SEASHELLS;4983;3
74000;;SUBMISSION;AMETHYSTS;SEASHELLS;10002;1
74300;;;STARFRUIT;SEASHELLS;4982;1
74600;;SUBMISSION;AMETHYSTS;SEASHELLS;10002;1
74900;;SUBMISSION;AMETHYSTS;SEASHELLS;10002;1
75000;;;AMETHYSTS;SEASHELLS;9998;5
75000;;;STARFRUIT;SEASHELLS;4987;1
75000;SUBMISSION;;AMETHYSTS;SEASHELLS;9998;1
75000;SUBMISSION;;AMETHYSTS;SEASHELLS;9998;4
75200;;;STARFRUIT;SEASHELLS;4986;3
75500;;;AMETHYSTS;SEASHELLS;9996;2
75500;;;STARFRUIT;SEASHELLS;4983;2
75600;;SUBMISSION;AMETHYSTS;SEASHELLS;10002;1
75900;;;STARFRUIT;SEASHELLS;4982;6
76100;SUBMISSION;;AMETHYSTS;SEASHELLS;9998;1
76200;;;STARFRUIT;SEASHELLS;4983;14
76900;;;STARFRUIT;SEASHELLS;4984;5
77000;;;STARFRUIT;SEASHELLS;4990;2
77000;;;AMETHYSTS;SEASHELLS;10002;2
77100;;;STARFRUIT;SEASHELLS;4987;2
77200;;;STARFRUIT;SEASHELLS;4984;1
77200;;;STARFRUIT;SEASHELLS;4989;1
77600;;;STARFRUIT;SEASHELLS;4984;3
77600;;;STARFRUIT;SEASHELLS;4984;2
77900;;SUBMISSION;AMETHYSTS;SEASHELLS;10002;3
78000;SUBMISSION;;AMETHYSTS;SEASHELLS;9998;3
78100;;;STARFRUIT;SEASHELLS;4985;3
78100;;SUBMISSION;AMETHYSTS;SEASHELLS;10002;1
78100;;;STARFRUIT;SEASHELLS;4984;1
78500;;;AMETHYSTS;SEASHELLS;10004;1
78500;;;AMETHYSTS;SEASHELLS;10004;10
78700;SUBMISSION;;AMETHYSTS;SEASHELLS;9998;1
78800;;SUBMISSION;AMETHYSTS;SEASHELLS;10002;1
78900;;;STARFRUIT;SEASHELLS;4988;1
78900;;SUBMISSION;AMETHYSTS;SEASHELLS;10002;1
79000;;;STARFRUIT;SEASHELLS;4984;3
79100;;;STARFRUIT;SEASHELLS;4983;1
79200;SUBMISSION;;AMETHYSTS;SEASHELLS;9998;2
79200;;;AMETHYSTS;SEASHELLS;9998;1
79200;;;STARFRUIT;SEASHELLS;4985;5
79400;;;STARFRUIT;SEASHELLS;4982;1
79600;;;STARFRUIT;SEASHELLS;4981;13
79800;;SUBMISSION;AMETHYSTS;SEASHELLS;10002;1
79900;;;STARFRUIT;SEASHELLS;4981;1
79900;;;AMETHYSTS;SEASHELLS;9998;3
80500;SUBMISSION;;AMETHYSTS;SEASHELLS;10000;1
80500;;;STARFRUIT;SEASHELLS;4984;6
80600;;;STARFRUIT;SEASHELLS;4985;4
80900;;;STARFRUIT;SEASHELLS;4982;1
81100;;;STARFRUIT;SEASHELLS;4986;1
81400;;;AMETHYSTS;SEASHELLS;10004;1
81800;;SUBMISSION;AMETHYSTS;SEASHELLS;10002;1
81900;SUBMISSION;;AMETHYSTS;SEASHELLS;9998;1
82200;;SUBMISSION;AMETHYSTS;SEASHELLS;10002;1
82500;;;STARFRUIT;SEASHELLS;4981;1
82600;;;STARFRUIT;SEASHELLS;4982;1
82600;;;STARFRUIT;SEASHELLS;4982;3
82800;;;STARFRUIT;SEASHELLS;4987;1
82800;;;AMETHYSTS;SEASHELLS;10002;1
82900;SUBMISSION;;AMETHYSTS;SEASHELLS;9998;1
83100;;;STARFRUIT;SEASHELLS;4983;3
83100;;;STARFRUIT;SEASHELLS;4983;1
83100;;;AMETHYSTS;SEASHELLS;9998;1
83700;;;STARFRUIT;SEASHELLS;4982;1
84100;;;AMETHYSTS;SEASHELLS;9996;8
84100;;;AMETHYSTS;SEASHELLS;9996;1
84200;;;AMETHYSTS;SEASHELLS;9996;2
84200;;;AMETHYSTS;SEASHELLS;9996;1
84200;;;STARFRUIT;SEASHELLS;4982;1
84300;;;AMETHYSTS;SEASHELLS;10004;2
84500;;;STARFRUIT;SEASHELLS;4983;1
85100;;;STARFRUIT;SEASHELLS;4989;14
85100;;;STARFRUIT;SEASHELLS;4982;13
85600;;;STARFRUIT;SEASHELLS;4987;4
85700;;SUBMISSION;AMETHYSTS;SEASHELLS;10002;3
85800;;;STARFRUIT;SEASHELLS;4983;1
85800;SUBMISSION;;AMETHYSTS;SEASHELLS;10000;3
85900;;;AMETHYSTS;SEASHELLS;9998;1
86100;;SUBMISSION;AMETHYSTS;SEASHELLS;10002;1
86200;;;STARFRUIT;SEASHELLS;4984;3
86700;;;STARFRUIT;SEASHELLS;4983;1
86700;;;AMETHYSTS;SEASHELLS;9998;1
86800;;SUBMISSION;AMETHYSTS;SEASHELLS;10002;5
87200;;;AMETHYSTS;SEASHELLS;9996;1
87400;;;STARFRUIT;SEASHELLS;4983;1
87700;;;STARFRUIT;SEASHELLS;4982;1
87900;;;AMETHYSTS;SEASHELLS;10005;1
87900;;;STARFRUIT;SEASHELLS;4989;1
88000;;;STARFRUIT;SEASHELLS;4983;2
88000;;;AMETHYSTS;SEASHELLS;9996;2
88100;SUBMISSION;;AMETHYSTS;SEASHELLS;9998;1
88100;;;STARFRUIT;SEASHELLS;4991;8
88200;;SUBMISSION;AMETHYSTS;SEASHELLS;10002;5
88300;;;STARFRUIT;SEASHELLS;4985;1
88500;;;STARFRUIT;SEASHELLS;4991;1
88500;;SUBMISSION;AMETHYSTS;SEASHELLS;10002;9
88600;SUBMISSION;;AMETHYSTS;SEASHELLS;10000;5
88900;;;STARFRUIT;SEASHELLS;4984;1
89100;;;AMETHYSTS;SEASHELLS;9998;1
89100;;;STARFRUIT;SEASHELLS;4984;1
89200;;;AMETHYSTS;SEASHELLS;10002;1
89600;;;AMETHYSTS;SEASHELLS;9996;1
89600;;;STARFRUIT;SEASHELLS;4989;6
89600;;;STARFRUIT;SEASHELLS;4989;2
89800;;;STARFRUIT;SEASHELLS;4984;1
89900;;;STARFRUIT;SEASHELLS;4984;2
89900;;;AMETHYSTS;SEASHELLS;9995;2
90000;;;AMETHYSTS;SEASHELLS;9998;1
90100;;;AMETHYSTS;SEASHELLS;10002;3
90300;;;AMETHYSTS;SEASHELLS;9998;1
90700;;SUBMISSION;AMETHYSTS;SEASHELLS;10002;1
90900;;;STARFRUIT;SEASHELLS;4990;1
91000;;;STARFRUIT;SEASHELLS;4990;1
91100;;;AMETHYSTS;SEASHELLS;9996;1
91100;;;STARFRUIT;SEASHELLS;4985;1
91200;;;AMETHYSTS;SEASHELLS;9995;1
91200;;;STARFRUIT;SEASHELLS;4985;1
91500;;;STARFRUIT;SEASHELLS;4986;15
91700;;;STARFRUIT;SEASHELLS;4991;1
91700;;;STARFRUIT;SEASHELLS;4990;4
91700;SUBMISSION;;AMETHYSTS;SEASHELLS;9998;1
92100;SUBMISSION;;AMETHYSTS;SEASHELLS;9998;1
92200;;;STARFRUIT;SEASHELLS;4987;1
92200;;;STARFRUIT;SEASHELLS;4987;7
92200;;;STARFRUIT;SEASHELLS;4986;2
92200;;;AMETHYSTS;SEASHELLS;9996;1
92300;;;STARFRUIT;SEASHELLS;4993;12
92300;SUBMISSION;;AMETHYSTS;SEASHELLS;9998;1
92700;;;AMETHYSTS;SEASHELLS;10002;2
92700;;SUBMISSION;AMETHYSTS;SEASHELLS;10002;1
92700;;;STARFRUIT;SEASHELLS;4986;1
92700;;;STARFRUIT;SEASHELLS;4987;1
92700;;;AMETHYSTS;SEASHELLS;9996;1
92900;;;STARFRUIT;SEASHELLS;4986;1
92900;;;AMETHYSTS;SEASHELLS;9998;1
93100;;;STARFRUIT;SEASHELLS;4990;3
93200;SUBMISSION;;AMETHYSTS;SEASHELLS;9998;1
93200;;;STARFRUIT;SEASHELLS;4990;1
93300;;;STARFRUIT;SEASHELLS;4990;1
93400;;;AMETHYSTS;SEASHELLS;10004;2
93400;SUBMISSION;;AMETHYSTS;SEASHELLS;9998;3
93400;;;AMETHYSTS;SEASHELLS;10004;5
93600;;;AMETHYSTS;SEASHELLS;10004;1
93600;;;STARFRUIT;SEASHELLS;4993;1
93700;;SUBMISSION;AMETHYSTS;SEASHELLS;10002;1
93800;SUBMISSION;;AMETHYSTS;SEASHELLS;9998;1
94000;;SUBMISSION;AMETHYSTS;SEASHELLS;10002;4
94200;;;AMETHYSTS;SEASHELLS;10002;1
94300;;SUBMISSION;AMETHYSTS;SEASHELLS;10002;1
94400;;;AMETHYSTS;SEASHELLS;10005;1
94400;;;STARFRUIT;SEASHELLS;4992;1
94600;;;AMETHYSTS;SEASHELLS;9998;1
94700;;SUBMISSION;AMETHYSTS;SEASHELLS;10002;1
94900;;;STARFRUIT;SEASHELLS;4993;6
94900;SUBMISSION;;AMETHYSTS;SEASHELLS;9998;1
95000;;;AMETHYSTS;SEASHELLS;10004;1
95000;;;AMETHYSTS;SEASHELLS;10005;1
95000;;;STARFRUIT;SEASHELLS;4992;1
95600;;;STARFRUIT;SEASHELLS;4986;1
95700;;SUBMISSION;AMETHYSTS;SEASHELLS;10002;1
95800;;;AMETHYSTS;SEASHELLS;10005;7
96000;;;STARFRUIT;SEASHELLS;4986;1
96000;;;AMETHYSTS;SEASHELLS;9996;1
96200;SUBMISSION;;AMETHYSTS;SEASHELLS;9998;5
96200;;;STARFRUIT;SEASHELLS;4986;1
96300;;;STARFRUIT;SEASHELLS;4987;1
96800;;SUBMISSION;AMETHYSTS;SEASHELLS;10002;3
96900;;;STARFRUIT;SEASHELLS;4986;1
97100;;;AMETHYSTS;SEASHELLS;9995;1
97100;;;STARFRUIT;SEASHELLS;4985;1
97200;;;STARFRUIT;SEASHELLS;4986;10
97200;;;STARFRUIT;SEASHELLS;4989;3
97200;SUBMISSION;;AMETHYSTS;SEASHELLS;10000;3
97600;;;AMETHYSTS;SEASHELLS;10002;7
97700;;;STARFRUIT;SEASHELLS;4993;1
97900;;;STARFRUIT;SEASHELLS;4988;1
98100;SUBMISSION;;AMETHYSTS;SEASHELLS;9998;1
98400;;;STARFRUIT;SEASHELLS;4992;7
98800;;;STARFRUIT;SEASHELLS;4993;1
98800;;SUBMISSION;AMETHYSTS;SEASHELLS;10002;1
98900;;;STARFRUIT;SEASHELLS;4994;15
99000;;;STARFRUIT;SEASHELLS;4988;1
99400;;;AMETHYSTS;SEASHELLS;10005;2
99400;;;STARFRUIT;SEASHELLS;4995;2
99600;;SUBMISSION;AMETHYSTS;SEASHELLS;10002;1
99800;;;STARFRUIT;SEASHELLS;4994;1
99800;;;STARFRUIT;SEASHELLS;4994;3
99900;;;STARFRUIT;SEASHELLS;4987;1
99900;;SUBMISSION;AMETHYSTS;SEASHELLS;10002;1
100000;;;AMETHYSTS;SEASHELLS;10004;1
100000;;;STARFRUIT;SEASHELLS;4992;1
100100;;SUBMISSION;AMETHYSTS;SEASHELLS;10002;1
100200;;;AMETHYSTS;SEASHELLS;9998;1
100500;;;AMETHYSTS;SEASHELLS;9995;8
100700;;SUBMISSION;AMETHYSTS;SEASHELLS;10002;1
101200;;;AMETHYSTS;SEASHELLS;10005;2
101200;;;STARFRUIT;SEASHELLS;4993;2
101200;;;STARFRUIT;SEASHELLS;4987;1
101300;SUBMISSION;;AMETHYSTS;SEASHELLS;9998;2
101500;;;AMETHYSTS;SEASHELLS;9998;3
101500;;;AMETHYSTS;SEASHELLS;10004;2
101500;;;STARFRUIT;SEASHELLS;4993;2
101500;;;STARFRUIT;SEASHELLS;4987;1
101600;;;STARFRUIT;SEASHELLS;4987;1
101600;;;STARFRUIT;SEASHELLS;4988;5
102000;;SUBMISSION;AMETHYSTS;SEASHELLS;10002;1
102200;;;AMETHYSTS;SEASHELLS;10005;2
102200;;;STARFRUIT;SEASHELLS;4989;2
102200;;;STARFRUIT;SEASHELLS;4990;1
102300;;;AMETHYSTS;SEASHELLS;9998;4
102600;;;STARFRUIT;SEASHELLS;4986;2
102600;;;AMETHYSTS;SEASHELLS;9998;2
102600;;;AMETHYSTS;SEASHELLS;9998;1
102700;;;AMETHYSTS;SEASHELLS;10005;6
103100;;;STARFRUIT;SEASHELLS;4989;1
103400;SUBMISSION;;AMETHYSTS;SEASHELLS;10000;4
103400;;;STARFRUIT;SEASHELLS;4984;1
103400;;;AMETHYSTS;SEASHELLS;10002;1
104000;;;STARFRUIT;SEASHELLS;4989;1
104200;;;STARFRUIT;SEASHELLS;4984;1
104300;;;STARFRUIT;SEASHELLS;4984;1
104700;;SUBMISSION;AMETHYSTS;SEASHELLS;10002;1
104900;;;AMETHYSTS;SEASHELLS;10004;1
104900;;;STARFRUIT;SEASHELLS;4990;1
105200;;;STARFRUIT;SEASHELLS;4986;1
105200;;;STARFRUIT;SEASHELLS;4990;7
105400;;SUBMISSION;AMETHYSTS;SEASHELLS;10002;1
105700;;;STARFRUIT;SEASHELLS;4991;1
105800;;SUBMISSION;AMETHYSTS;SEASHELLS;10002;3
106000;SUBMISSION;;STARFRUIT;SEASHELLS;4986;3
106100;;;AMETHYSTS;SEASHELLS;9996;5
106100;;;AMETHYSTS;SEASHELLS;9996;2
106200;;;STARFRUIT;SEASHELLS;4991;13
106300;SUBMISSION;;AMETHYSTS;SEASHELLS;9998;2
106300;;;AMETHYSTS;SEASHELLS;9998;1
106300;;;STARFRUIT;SEASHELLS;4984;1
106300;;;STARFRUIT;SEASHELLS;4985;4
106400;SUBMISSION;;AMETHYSTS;SEASHELLS;10000;6
106500;;;AMETHYSTS;SEASHELLS;10005;10
106600;SUBMISSION;;AMETHYSTS;SEASHELLS;9998;1
106600;;;AMETHYSTS;SEASHELLS;9998;2
106600;SUBMISSION;;AMETHYSTS;SEASHELLS;9998;3
106700;SUBMISSION;;AMETHYSTS;SEASHELLS;9998;1
106800;;SUBMISSION;AMETHYSTS;SEASHELLS;10002;1
107100;SUBMISSION;;AMETHYSTS;SEASHELLS;9998;1
107400;;;STARFRUIT;SEASHELLS;4984;1
107400;;;AMETHYSTS;SEASHELLS;9995;1
107600;;;STARFRUIT;SEASHELLS;4989;1
108000;SUBMISSION;;AMETHYSTS;SEASHELLS;9998;1
108100;;;AMETHYSTS;SEASHELLS;9998;1
108400;;;STARFRUIT;SEASHELLS;4987;1
108500;;;STARFRUIT;SEASHELLS;4983;1
108600;;;AMETHYSTS;SEASHELLS;9998;3
108600;;;AMETHYSTS;SEASHELLS;9998;1
109000;;;STARFRUIT;SEASHELLS;4982;1
109100;;;STARFRUIT;SEASHELLS;4983;1
109300;;;STARFRUIT;SEASHELLS;4982;1
109300;;;STARFRUIT;SEASHELLS;4989;11
109700;;;STARFRUIT;SEASHELLS;4984;1
109800;;SUBMISSION;AMETHYSTS;SEASHELLS;10002;1
109900;;SUBMISSION;AMETHYSTS;SEASHELLS;10002;1
110000;;;AMETHYSTS;SEASHELLS;9996;1
110100;;;STARFRUIT;SEASHELLS;4983;1
110400;;;AMETHYSTS;SEASHELLS;10005;10
110400;;;STARFRUIT;SEASHELLS;4984;7
110600;;SUBMISSION;AMETHYSTS;SEASHELLS;10002;8
110700;;;STARFRUIT;SEASHELLS;4986;3
111000;;;AMETHYSTS;SEASHELLS;10004;2
111000;;;STARFRUIT;SEASHELLS;4987;1
111000;SUBMISSION;;AMETHYSTS;SEASHELLS;9998;1
111100;;;STARFRUIT;SEASHELLS;4988;15
111100;SUBMISSION;;AMETHYSTS;SEASHELLS;9998;4
111300;;;STARFRUIT;SEASHELLS;4982;1
111300;SUBMISSION;;AMETHYSTS;SEASHELLS;9998;3
111700;;;STARFRUIT;SEASHELLS;4982;1
112100;;;AMETHYSTS;SEASHELLS;9998;3
112100;SUBMISSION;;AMETHYSTS;SEASHELLS;9998;2
112200;;;STARFRUIT;SEASHELLS;4986;1
113000;;SUBMISSION;AMETHYSTS;SEASHELLS;10002;4
113000;;;AMETHYSTS;SEASHELLS;10002;6
113300;;;STARFRUIT;SEASHELLS;4981;5
113700;;;STARFRUIT;SEASHELLS;4979;1
113700;;;STARFRUIT;SEASHELLS;4979;6
113800;;;STARFRUIT;SEASHELLS;4979;2
113800;;;AMETHYSTS;SEASHELLS;9996;2
113800;;;STARFRUIT;SEASHELLS;4985;13
113800;;SUBMISSION;AMETHYSTS;SEASHELLS;10002;1
114000;SUBMISSION;;AMETHYSTS;SEASHELLS;9998;5
114000;;;AMETHYSTS;SEASHELLS;9998;6
114100;;;STARFRUIT;SEASHELLS;4984;1
114400;;;AMETHYSTS;SEASHELLS;10002;2
114600;;SUBMISSION;AMETHYSTS;SEASHELLS;10002;1
114800;;;STARFRUIT;SEASHELLS;4986;2
114800;;;STARFRUIT;SEASHELLS;4986;13
115100;;;STARFRUIT;SEASHELLS;4985;1
115300;SUBMISSION;;AMETHYSTS;SEASHELLS;9998;1
115700;;;STARFRUIT;SEASHELLS;4984;1
116000;;;STARFRUIT;SEASHELLS;4979;1
116000;;;STARFRUIT;SEASHELLS;4986;10
116200;;;AMETHYSTS;SEASHELLS;9995;1
116200;;;STARFRUIT;SEASHELLS;4979;1
116700;;SUBMISSION;AMETHYSTS;SEASHELLS;10002;1
116800;;SUBMISSION;AMETHYSTS;SEASHELLS;10002;3
116900;;;AMETHYSTS;SEASHELLS;9996;1
116900;;;AMETHYSTS;SEASHELLS;9996;7
117500;;;STARFRUIT;SEASHELLS;4979;2
117700;;;STARFRUIT;SEASHELLS;4978;5
117900;;;STARFRUIT;SEASHELLS;4978;4
118100;;;AMETHYSTS;SEASHELLS;10002;1
118200;;;STARFRUIT;SEASHELLS;4977;1
118300;;;STARFRUIT;SEASHELLS;4976;1
118500;;;STARFRUIT;SEASHELLS;4975;1
118700;;;STARFRUIT;SEASHELLS;4976;10
119100;;;STARFRUIT;SEASHELLS;4979;2
119300;SUBMISSION;;AMETHYSTS;SEASHELLS;9998;1
119300;;;AMETHYSTS;SEASHELLS;10002;1
119600;;;STARFRUIT;SEASHELLS;4974;1
119800;;;AMETHYSTS;SEASHELLS;10000;1
119800;;;STARFRUIT;SEASHELLS;4976;1
119800;;;STARFRUIT;SEASHELLS;4979;1
119900;;SUBMISSION;AMETHYSTS;SEASHELLS;10002;1
119900;;;STARFRUIT;SEASHELLS;4974;1
120000;;SUBMISSION;AMETHYSTS;SEASHELLS;10002;1
120200;;SUBMISSION;AMETHYSTS;SEASHELLS;10002;1
120300;;;STARFRUIT;SEASHELLS;4973;2
120300;;;AMETHYSTS;SEASHELLS;9996;2
120400;;;STARFRUIT;SEASHELLS;4974;2
120500;;;STARFRUIT;SEASHELLS;4974;1
120500;;;STARFRUIT;SEASHELLS;4974;3
120500;;;AMETHYSTS;SEASHELLS;10002;1
120500;;;STARFRUIT;SEASHELLS;4974;5
120500;;;STARFRUIT;SEASHELLS;4974;4
120600;;;STARFRUIT;SEASHELLS;4973;1
121100;;;STARFRUIT;SEASHELLS;4974;1
121400;;SUBMISSION;AMETHYSTS;SEASHELLS;10002;5
121500;;;AMETHYSTS;SEASHELLS;10002;1
121500;;;STARFRUIT;SEASHELLS;4980;1
121800;;;AMETHYSTS;SEASHELLS;10002;1
121900;;;STARFRUIT;SEASHELLS;4979;1
122300;;;STARFRUIT;SEASHELLS;4974;2
122300;;;STARFRUIT;SEASHELLS;4974;3
122600;;;STARFRUIT;SEASHELLS;4979;1
122800;;;STARFRUIT;SEASHELLS;4978;6
122900;;;STARFRUIT;SEASHELLS;4978;1
123000;;;AMETHYSTS;SEASHELLS;9998;1
123000;;;STARFRUIT;SEASHELLS;4973;1
123200;;;STARFRUIT;SEASHELLS;4974;4
123600;;;STARFRUIT;SEASHELLS;4973;7
123700;;SUBMISSION;AMETHYSTS;SEASHELLS;10002;6
123800;;;STARFRUIT;SEASHELLS;4977;1
123800;SUBMISSION;;AMETHYSTS;SEASHELLS;9998;1
124000;;;STARFRUIT;SEASHELLS;4979;2
124000;;;AMETHYSTS;SEASHELLS;10005;2
124500;SUBMISSION;;AMETHYSTS;SEASHELLS;9998;5
124700;SUBMISSION;;AMETHYSTS;SEASHELLS;9998;1
125200;;SUBMISSION;AMETHYSTS;SEASHELLS;10002;4
125300;;;STARFRUIT;SEASHELLS;4970;1
125400;;;AMETHYSTS;SEASHELLS;9998;1
125700;SUBMISSION;;AMETHYSTS;SEASHELLS;9998;2
125800;SUBMISSION;;AMETHYSTS;SEASHELLS;9998;1
125900;SUBMISSION;;AMETHYSTS;SEASHELLS;10000;6
125900;;;STARFRUIT;SEASHELLS;4971;6
126100;;SUBMISSION;AMETHYSTS;SEASHELLS;10002;1
126200;;SUBMISSION;AMETHYSTS;SEASHELLS;10002;7
126300;;;STARFRUIT;SEASHELLS;4968;2
126300;;;AMETHYSTS;SEASHELLS;9995;2
126400;;;STARFRUIT;SEASHELLS;4969;2
126400;;;AMETHYSTS;SEASHELLS;9995;2
126400;;;STARFRUIT;SEASHELLS;4969;1
126700;;SUBMISSION;AMETHYSTS;SEASHELLS;10002;2
127000;;;AMETHYSTS;SEASHELLS;9995;2
127000;;;STARFRUIT;SEASHELLS;4970;2
127400;;;STARFRUIT;SEASHELLS;4974;2
127400;;;AMETHYSTS;SEASHELLS;10005;2
127500;SUBMISSION;;AMETHYSTS;SEASHELLS;9998;3
127500;;;STARFRUIT;SEASHELLS;4969;1
127900;;;AMETHYSTS;SEASHELLS;10004;2
127900;;;AMETHYSTS;SEASHELLS;10004;7
128200;;SUBMISSION;AMETHYSTS;SEASHELLS;10002;1
128400;;;AMETHYSTS;SEASHELLS;9996;1
128400;;;STARFRUIT;SEASHELLS;4968;1
128400;;;STARFRUIT;SEASHELLS;4969;2
128700;;;AMETHYSTS;SEASHELLS;10005;6
128900;;SUBMISSION;AMETHYSTS;SEASHELLS;10002;2
128900;;;STARFRUIT;SEASHELLS;4974;4
128900;;;STARFRUIT;SEASHELLS;4975;1
129600;;;STARFRUIT;SEASHELLS;4970;1
129700;SUBMISSION;;AMETHYSTS;SEASHELLS;10000;3
130100;SUBMISSION;;AMETHYSTS;SEASHELLS;9998;1
130300;;SUBMISSION;AMETHYSTS;SEASHELLS;10002;1
130400;;;STARFRUIT;SEASHELLS;4969;1
130700;;;STARFRUIT;SEASHELLS;4975;1
131000;;;STARFRUIT;SEASHELLS;4974;1
131400;SUBMISSION;;AMETHYSTS;SEASHELLS;9998;1
131600;;SUBMISSION;AMETHYSTS;SEASHELLS;10002;1
131700;;;STARFRUIT;SEASHELLS;4968;1
131800;;;STARFRUIT;SEASHELLS;4968;12
131800;;;STARFRUIT;SEASHELLS;4969;4
131800;;;STARFRUIT;SEASHELLS;4968;1
132100;;;AMETHYSTS;SEASHELLS;9998;3
132100;;;AMETHYSTS;SEASHELLS;9998;1
132300;;SUBMISSION;AMETHYSTS;SEASHELLS;10002;4
132400;;;STARFRUIT;SEASHELLS;4975;1
132400;;;AMETHYSTS;SEASHELLS;10004;1
132500;;;AMETHYSTS;SEASHELLS;9998;1
132500;;;STARFRUIT;SEASHELLS;4968;14
132500;;;STARFRUIT;SEASHELLS;4968;1
132900;SUBMISSION;;AMETHYSTS;SEASHELLS;9998;1
133000;;;STARFRUIT;SEASHELLS;4969;13
133100;;SUBMISSION;AMETHYSTS;SEASHELLS;10002;5
133200;;;AMETHYSTS;SEASHELLS;9996;1
133400;;;STARFRUIT;SEASHELLS;4968;1
133400;;;AMETHYSTS;SEASHELLS;9998;2
133500;;;STARFRUIT;SEASHELLS;4973;1
133700;;;STARFRUIT;SEASHELLS;4968;1
134000;SUBMISSION;;AMETHYSTS;SEASHELLS;10000;3
134000;;;STARFRUIT;SEASHELLS;4973;1
134000;;;STARFRUIT;SEASHELLS;4971;2
134100;;;AMETHYSTS;SEASHELLS;9998;2
134200;;SUBMISSION;AMETHYSTS;SEASHELLS;10002;1
134300;;SUBMISSION;AMETHYSTS;SEASHELLS;10002;1
134600;;;AMETHYSTS;SEASHELLS;10004;1
134700;;SUBMISSION;AMETHYSTS;SEASHELLS;10002;4
134700;;SUBMISSION;AMETHYSTS;SEASHELLS;10002;2
134900;;;AMETHYSTS;SEASHELLS;9998;1
134900;SUBMISSION;;AMETHYSTS;SEASHELLS;9998;1
135400;;;STARFRUIT;SEASHELLS;4967;9
135500;;;STARFRUIT;SEASHELLS;4972;1
135600;;SUBMISSION;AMETHYSTS;SEASHELLS;10002;1
135800;SUBMISSION;;AMETHYSTS;SEASHELLS;10000;3
135800;;;STARFRUIT;SEASHELLS;4970;3
135900;;;STARFRUIT;SEASHELLS;4974;2
135900;;;AMETHYSTS;SEASHELLS;10005;2
136000;SUBMISSION;;AMETHYSTS;SEASHELLS;9998;1
136300;;SUBMISSION;AMETHYSTS;SEASHELLS;10002;1
136300;;;AMETHYSTS;SEASHELLS;9998;4
136500;;;STARFRUIT;SEASHELLS;4969;1
136500;;;AMETHYSTS;SEASHELLS;10004;2
136800;;SUBMISSION;AMETHYSTS;SEASHELLS;10002;1
137000;;;AMETHYSTS;SEASHELLS;9996;1
137100;;;AMETHYSTS;SEASHELLS;10002;3
137400;;;AMETHYSTS;SEASHELLS;10002;3
137500;SUBMISSION;;AMETHYSTS;SEASHELLS;9998;1
137600;;;STARFRUIT;SEASHELLS;4973;1
137700;SUBMISSION;;AMETHYSTS;SEASHELLS;9998;8
137700;;;AMETHYSTS;SEASHELLS;9998;2
137700;;;STARFRUIT;SEASHELLS;4969;3
137900;;;AMETHYSTS;SEASHELLS;10004;1
137900;;;STARFRUIT;SEASHELLS;4974;1
138100;;;AMETHYSTS;SEASHELLS;9996;7
138100;;;AMETHYSTS;SEASHELLS;9996;2
138200;SUBMISSION;;AMETHYSTS;SEASHELLS;9998;1
138300;;;AMETHYSTS;SEASHELLS;9995;7
138400;SUBMISSION;;AMETHYSTS;SEASHELLS;9998;1
138500;;;STARFRUIT;SEASHELLS;4973;13
138500;;;STARFRUIT;SEASHELLS;4967;1
138600;;;STARFRUIT;SEASHELLS;4969;2
138600;;;STARFRUIT;SEASHELLS;4967;1
138600;SUBMISSION;;AMETHYSTS;SEASHELLS;10000;2
138900;;;STARFRUIT;SEASHELLS;4967;10
139000;;;STARFRUIT;SEASHELLS;4968;1
139400;;;STARFRUIT;SEASHELLS;4973;2
139400;;;STARFRUIT;SEASHELLS;4967;1
139400;;SUBMISSION;AMETHYSTS;SEASHELLS;10002;2
139400;;SUBMISSION;AMETHYSTS;SEASHELLS;10002;5
139600;SUBMISSION;;AMETHYSTS;SEASHELLS;9998;1
139700;;;STARFRUIT;SEASHELLS;4966;1
139700;;;STARFRUIT;SEASHELLS;4967;4
140100;;;STARFRUIT;SEASHELLS;4966;1
140300;;SUBMISSION;AMETHYSTS;SEASHELLS;10002;1
140400;;;STARFRUIT;SEASHELLS;4966;1
140600;;;STARFRUIT;SEASHELLS;4966;1
140600;SUBMISSION;;AMETHYSTS;SEASHELLS;10000;3
141600;;;AMETHYSTS;SEASHELLS;10002;1
142300;;;STARFRUIT;SEASHELLS;4968;1
142400;;SUBMISSION;AMETHYSTS;SEASHELLS;10002;3
142600;;;STARFRUIT;SEASHELLS;4963;1
142700;;SUBMISSION;AMETHYSTS;SEASHELLS;10002;5
142800;;;AMETHYSTS;SEASHELLS;9998;2
142900;SUBMISSION;;AMETHYSTS;SEASHELLS;9998;1
143100;;;STARFRUIT;SEASHELLS;4964;1
143100;;;AMETHYSTS;SEASHELLS;10002;1
143600;;;STARFRUIT;SEASHELLS;4963;1
143600;;;AMETHYSTS;SEASHELLS;9995;1
143900;;SUBMISSION;AMETHYSTS;SEASHELLS;10002;1
144000;;;STARFRUIT;SEASHELLS;4968;1
144200;;;STARFRUIT;SEASHELLS;4967;1
144600;;SUBMISSION;AMETHYSTS;SEASHELLS;10002;2
145000;;;AMETHYSTS;SEASHELLS;9998;1
145000;;;STARFRUIT;SEASHELLS;4964;1
145300;SUBMISSION;;AMETHYSTS;SEASHELLS;9998;3
145400;;;STARFRUIT;SEASHELLS;4963;1
145400;;;AMETHYSTS;SEASHELLS;9998;1
145500;;SUBMISSION;AMETHYSTS;SEASHELLS;10002;1
145500;;;STARFRUIT;SEASHELLS;4968;1
145600;;;STARFRUIT;SEASHELLS;4963;1
145600;SUBMISSION;;AMETHYSTS;SEASHELLS;9998;8
145700;;;AMETHYSTS;SEASHELLS;10004;2
145700;;;AMETHYSTS;SEASHELLS;10004;8
146000;;;STARFRUIT;SEASHELLS;4962;6
146300;;;AMETHYSTS;SEASHELLS;9998;1
146300;;;STARFRUIT;SEASHELLS;4963;15
146400;;;STARFRUIT;SEASHELLS;4963;9
146500;;;AMETHYSTS;SEASHELLS;10005;1
146500;;;STARFRUIT;SEASHELLS;4968;1
146600;;;AMETHYSTS;SEASHELLS;10000;4
146900;;;STARFRUIT;SEASHELLS;4963;1
147200;;;STARFRUIT;SEASHELLS;4969;14
147600;;;STARFRUIT;SEASHELLS;4962;1
147700;;SUBMISSION;AMETHYSTS;SEASHELLS;10002;1
147800;;;STARFRUIT;SEASHELLS;4967;1
148000;;;STARFRUIT;SEASHELLS;4968;9
148200;;;STARFRUIT;SEASHELLS;4962;1
148700;;;AMETHYSTS;SEASHELLS;10005;2
148700;;;STARFRUIT;SEASHELLS;4968;2
148700;;;STARFRUIT;SEASHELLS;4961;1
149000;;SUBMISSION;AMETHYSTS;SEASHELLS;10002;5
149200;;SUBMISSION;AMETHYSTS;SEASHELLS;10002;1
149500;;;STARFRUIT;SEASHELLS;4965;1
149700;;;STARFRUIT;SEASHELLS;4966;5
149700;;SUBMISSION;AMETHYSTS;SEASHELLS;10002;6
149800;;SUBMISSION;AMETHYSTS;SEASHELLS;10002;5
149800;;;STARFRUIT;SEASHELLS;4965;1
149800;;;AMETHYSTS;SEASHELLS;9996;1
150000;;;AMETHYSTS;SEASHELLS;9996;1
150200;;;AMETHYSTS;SEASHELLS;9998;1
150200;SUBMISSION;;AMETHYSTS;SEASHELLS;9998;1
150400;SUBMISSION;;AMETHYSTS;SEASHELLS;9998;1
150500;;SUBMISSION;AMETHYSTS;SEASHELLS;10002;1
150800;SUBMISSION;;AMETHYSTS;SEASHELLS;9998;1
151500;;;STARFRUIT;SEASHELLS;4960;1
151600;;;AMETHYSTS;SEASHELLS;9998;1
151600;;;STARFRUIT;SEASHELLS;4964;3
151600;;;STARFRUIT;SEASHELLS;4965;1
151600;;SUBMISSION;AMETHYSTS;SEASHELLS;10002;3
151600;;;STARFRUIT;SEASHELLS;4964;8
152000;SUBMISSION;;AMETHYSTS;SEASHELLS;9998;11
152300;;;STARFRUIT;SEASHELLS;4966;2
152300;;;STARFRUIT;SEASHELLS;4965;2
152300;;;AMETHYSTS;SEASHELLS;10004;2
152600;;;STARFRUIT;SEASHELLS;4961;1
153000;;;AMETHYSTS;SEASHELLS;9995;3
153300;;;STARFRUIT;SEASHELLS;4968;14
153500;SUBMISSION;;AMETHYSTS;SEASHELLS;9998;1
153500;;;STARFRUIT;SEASHELLS;4968;1
153500;;;STARFRUIT;SEASHELLS;4965;2
153500;;;AMETHYSTS;SEASHELLS;10005;1
153600;;;STARFRUIT;SEASHELLS;4967;14
154300;;;AMETHYSTS;SEASHELLS;9996;1
154300;;;STARFRUIT;SEASHELLS;4963;2
154300;;;STARFRUIT;SEASHELLS;4963;6
154700;;;STARFRUIT;SEASHELLS;4969;11
154800;;SUBMISSION;AMETHYSTS;SEASHELLS;10002;1
154900;SUBMISSION;;AMETHYSTS;SEASHELLS;9998;1
154900;;;STARFRUIT;SEASHELLS;4962;15
155100;;;STARFRUIT;SEASHELLS;4963;1
155200;;SUBMISSION;AMETHYSTS;SEASHELLS;10002;1
155500;SUBMISSION;;AMETHYSTS;SEASHELLS;9998;1
155700;;;STARFRUIT;SEASHELLS;4968;1
155700;;;AMETHYSTS;SEASHELLS;10005;1
156200;;;STARFRUIT;SEASHELLS;4963;2
156400;;SUBMISSION;AMETHYSTS;SEASHELLS;10002;1
156500;;;AMETHYSTS;SEASHELLS;10002;3
156600;;;STARFRUIT;SEASHELLS;4962;2
156600;;;AMETHYSTS;SEASHELLS;9996;1
156600;;;STARFRUIT;SEASHELLS;4963;1
156900;;;STARFRUIT;SEASHELLS;4963;1
157000;;;STARFRUIT;SEASHELLS;4963;1
157100;SUBMISSION;;AMETHYSTS;SEASHELLS;9998;1
157300;SUBMISSION;;AMETHYSTS;SEASHELLS;10000;4
157300;;;STARFRUIT;SEASHELLS;4966;4
157400;;;STARFRUIT;SEASHELLS;4964;2
157400;;SUBMISSION;AMETHYSTS;SEASHELLS;10002;1
157400;;;AMETHYSTS;SEASHELLS;10002;10
157500;;;STARFRUIT;SEASHELLS;4964;1
157700;;;STARFRUIT;SEASHELLS;4970;1
158100;;;STARFRUIT;SEASHELLS;4966;1
158200;;SUBMISSION;AMETHYSTS;SEASHELLS;10002;1
158300;SUBMISSION;;AMETHYSTS;SEASHELLS;9998;5
158300;;;AMETHYSTS;SEASHELLS;9998;7
158400;SUBMISSION;;AMETHYSTS;SEASHELLS;9998;5
158800;;;STARFRUIT;SEASHELLS;4969;1
159200;;;AMETHYSTS;SEASHELLS;9995;9
159700;SUBMISSION;;AMETHYSTS;SEASHELLS;9998;4
159900;SUBMISSION;;AMETHYSTS;SEASHELLS;10000;5
160000;;;STARFRUIT;SEASHELLS;4970;2
160000;;;AMETHYSTS;SEASHELLS;10004;2
160300;SUBMISSION;;AMETHYSTS;SEASHELLS;9998;1
160400;SUBMISSION;;AMETHYSTS;SEASHELLS;9998;1
160400;;;STARFRUIT;SEASHELLS;4968;1
160500;;;STARFRUIT;SEASHELLS;4969;13
160600;;SUBMISSION;AMETHYSTS;SEASHELLS;10002;1
160800;;SUBMISSION;AMETHYSTS;SEASHELLS;10002;2
161000;;;STARFRUIT;SEASHELLS;4963;8
161600;SUBMISSION;;AMETHYSTS;SEASHELLS;9998;1
162400;SUBMISSION;;AMETHYSTS;SEASHELLS;10000;5
162400;;;STARFRUIT;SEASHELLS;4962;4
162600;;;STARFRUIT;SEASHELLS;4967;1
162900;;;AMETHYSTS;SEASHELLS;9995;4
163500;;SUBMISSION;AMETHYSTS;SEASHELLS;10002;3
163500;;;STARFRUIT;SEASHELLS;4967;2
163800;SUBMISSION;;AMETHYSTS;SEASHELLS;9998;1
163800;;;STARFRUIT;SEASHELLS;4964;1
163800;;;STARFRUIT;SEASHELLS;4970;13
163900;;;AMETHYSTS;SEASHELLS;9996;1
163900;;;STARFRUIT;SEASHELLS;4963;2
164000;SUBMISSION;;AMETHYSTS;SEASHELLS;9998;1
164600;;;STARFRUIT;SEASHELLS;4968;1
164600;SUBMISSION;;AMETHYSTS;SEASHELLS;9998;1
164800;;;AMETHYSTS;SEASHELLS;10004;6
164800;;;AMETHYSTS;SEASHELLS;10004;2
165100;;;STARFRUIT;SEASHELLS;4968;1
165200;;;STARFRUIT;SEASHELLS;4966;6
166000;;;STARFRUIT;SEASHELLS;4968;1
166400;;;AMETHYSTS;SEASHELLS;9998;1
167000;;;STARFRUIT;SEASHELLS;4963;5
167100;;;AMETHYSTS;SEASHELLS;9996;1
167300;;;STARFRUIT;SEASHELLS;4961;11
167800;;;AMETHYSTS;SEASHELLS;9998;1
167800;;;STARFRUIT;SEASHELLS;4966;1
167900;;;AMETHYSTS;SEASHELLS;9998;1
168000;;;AMETHYSTS;SEASHELLS;10005;8
168500;;SUBMISSION;AMETHYSTS;SEASHELLS;10002;1
169000;;;STARFRUIT;SEASHELLS;4964;3
169900;;;STARFRUIT;SEASHELLS;4960;1
170200;;;STARFRUIT;SEASHELLS;4961;1
170200;;;AMETHYSTS;SEASHELLS;10002;3
170400;;SUBMISSION;AMETHYSTS;SEASHELLS;10002;11
170400;;;STARFRUIT;SEASHELLS;4965;10
171000;;;STARFRUIT;SEASHELLS;4960;3
171100;;;AMETHYSTS;SEASHELLS;10002;1
171100;;SUBMISSION;AMETHYSTS;SEASHELLS;10002;3
171400;;SUBMISSION;AMETHYSTS;SEASHELLS;10002;5
171500;;SUBMISSION;AMETHYSTS;SEASHELLS;10002;1
171600;SUBMISSION;;AMETHYSTS;SEASHELLS;9998;1
171600;SUBMISSION;;AMETHYSTS;SEASHELLS;9998;10
171900;;;STARFRUIT;SEASHELLS;4959;1
171900;;;AMETHYSTS;SEASHELLS;9996;1
171900;;SUBMISSION;AMETHYSTS;SEASHELLS;10002;1
172100;;SUBMISSION;AMETHYSTS;SEASHELLS;10002;1
172600;;;AMETHYSTS;SEASHELLS;9996;1
172600;;;STARFRUIT;SEASHELLS;4959;2
172700;SUBMISSION;;AMETHYSTS;SEASHELLS;9998;3
173400;;;STARFRUIT;SEASHELLS;4959;2
173400;;;AMETHYSTS;SEASHELLS;9996;1
173400;;;AMETHYSTS;SEASHELLS;10002;1
173500;SUBMISSION;;AMETHYSTS;SEASHELLS;9998;3
173800;;;STARFRUIT;SEASHELLS;4966;1
173900;;;AMETHYSTS;SEASHELLS;10005;9
174000;;;STARFRUIT;SEASHELLS;4958;1
174000;;;AMETHYSTS;SEASHELLS;9998;1
174300;;;AMETHYSTS;SEASHELLS;10002;1
174400;;;STARFRUIT;SEASHELLS;4958;1
175800;;;AMETHYSTS;SEASHELLS;10004;1
175800;;;STARFRUIT;SEASHELLS;4965;1
176000;;SUBMISSION;AMETHYSTS;SEASHELLS;10002;1
176000;;;STARFRUIT;SEASHELLS;4958;1
176000;;;AMETHYSTS;SEASHELLS;9995;1
176000;;;STARFRUIT;SEASHELLS;4957;1
176100;;;AMETHYSTS;SEASHELLS;10004;1
176100;;;STARFRUIT;SEASHELLS;4964;2
176600;;;STARFRUIT;SEASHELLS;4958;1
176900;;;STARFRUIT;SEASHELLS;4957;5
177400;;;STARFRUIT;SEASHELLS;4957;1
177600;SUBMISSION;;AMETHYSTS;SEASHELLS;9998;1
177700;;;STARFRUIT;SEASHELLS;4957;1
177700;;;AMETHYSTS;SEASHELLS;9996;1
177900;SUBMISSION;;AMETHYSTS;SEASHELLS;9998;6
177900;;;AMETHYSTS;SEASHELLS;9998;6
177900;;;STARFRUIT;SEASHELLS;4956;14
178000;;;AMETHYSTS;SEASHELLS;9998;1
178700;;;STARFRUIT;SEASHELLS;4957;1
178800;;;STARFRUIT;SEASHELLS;4963;5
178900;;;STARFRUIT;SEASHELLS;4957;1
179000;;;STARFRUIT;SEASHELLS;4963;1
179000;;;AMETHYSTS;SEASHELLS;10004;1
179100;;;STARFRUIT;SEASHELLS;4957;1
179300;;;AMETHYSTS;SEASHELLS;9998;2
179600;;;AMETHYSTS;SEASHELLS;9998;4
179800;;;AMETHYSTS;SEASHELLS;9995;8
179900;;;AMETHYSTS;SEASHELLS;9996;2
180000;;;STARFRUIT;SEASHELLS;4963;11
180100;;;AMETHYSTS;SEASHELLS;9998;3
180300;;;AMETHYSTS;SEASHELLS;9998;4
180500;;;STARFRUIT;SEASHELLS;4960;6
180500;;;AMETHYSTS;SEASHELLS;10002;3
180800;;;AMETHYSTS;SEASHELLS;10002;1
180900;;;AMETHYSTS;SEASHELLS;9998;1
180900;;;STARFRUIT;SEASHELLS;4962;11
181000;;;STARFRUIT;SEASHELLS;4962;1
181400;;;AMETHYSTS;SEASHELLS;10002;1
181400;;;STARFRUIT;SEASHELLS;4963;2
181500;;;STARFRUIT;SEASHELLS;4956;2
181500;;;AMETHYSTS;SEASHELLS;9998;2
181600;;;STARFRUIT;SEASHELLS;4957;2
181700;;;STARFRUIT;SEASHELLS;4963;14
181900;;SUBMISSION;AMETHYSTS;SEASHELLS;10002;1
182000;;SUBMISSION;AMETHYSTS;SEASHELLS;10002;1
182200;;;STARFRUIT;SEASHELLS;4961;1
182300;;;AMETHYSTS;SEASHELLS;9996;1
182500;;SUBMISSION;AMETHYSTS;SEASHELLS;10002;4
182800;;;STARFRUIT;SEASHELLS;4957;1
183100;;;AMETHYSTS;SEASHELLS;10004;1
183100;;;STARFRUIT;SEASHELLS;4963;1
183200;;;STARFRUIT;SEASHELLS;4957;9
183500;;;STARFRUIT;SEASHELLS;4962;1
183700;;;STARFRUIT;SEASHELLS;4963;8
183900;;;AMETHYSTS;SEASHELLS;9995;6
184000;;;STARFRUIT;SEASHELLS;4956;13
184100;;;STARFRUIT;SEASHELLS;4960;1
184600;;;STARFRUIT;SEASHELLS;4954;1
184600;;;AMETHYSTS;SEASHELLS;9995;1
184800;;;AMETHYSTS;SEASHELLS;10002;3
184800;;SUBMISSION;AMETHYSTS;SEASHELLS;10002;5
184900;;SUBMISSION;AMETHYSTS;SEASHELLS;10002;1
185200;;SUBMISSION;AMETHYSTS;SEASHELLS;10002;1
185200;;;STARFRUIT;SEASHELLS;4961;10
185400;;;STARFRUIT;SEASHELLS;4955;1
185400;;;AMETHYSTS;SEASHELLS;9996;1
185500;SUBMISSION;;AMETHYSTS;SEASHELLS;9998;1
185800;;;AMETHYSTS;SEASHELLS;9998;1
186000;;SUBMISSION;AMETHYSTS;SEASHELLS;10002;4
186100;;;STARFRUIT;SEASHELLS;4957;4
186100;;;STARFRUIT;SEASHELLS;4957;1
186300;;;STARFRUIT;SEASHELLS;4956;10
186300;;;AMETHYSTS;SEASHELLS;10004;1
186300;;;AMETHYSTS;SEASHELLS;10004;10
186400;SUBMISSION;;AMETHYSTS;SEASHELLS;9998;1
187000;SUBMISSION;;AMETHYSTS;SEASHELLS;10000;3
187000;;;STARFRUIT;SEASHELLS;4957;3
187300;;;STARFRUIT;SEASHELLS;4959;1
187400;;;STARFRUIT;SEASHELLS;4960;1
187700;;;STARFRUIT;SEASHELLS;4955;1
187700;;;STARFRUIT;SEASHELLS;4959;8
187700;;;STARFRUIT;SEASHELLS;4961;15
188000;;SUBMISSION;AMETHYSTS;SEASHELLS;10002;1
188400;;;AMETHYSTS;SEASHELLS;9998;1
188400;SUBMISSION;;AMETHYSTS;SEASHELLS;9998;1
188500;;;AMETHYSTS;SEASHELLS;10002;1
189200;;;STARFRUIT;SEASHELLS;4957;3
189500;;;AMETHYSTS;SEASHELLS;10005;5
189500;;;AMETHYSTS;SEASHELLS;10005;2
189500;;;STARFRUIT;SEASHELLS;4960;2
189500;SUBMISSION;;AMETHYSTS;SEASHELLS;9998;1
189800;;;AMETHYSTS;SEASHELLS;10004;1
189800;;;STARFRUIT;SEASHELLS;4960;1
189900;;;STARFRUIT;SEASHELLS;4959;1
190000;;;STARFRUIT;SEASHELLS;4955;9
190300;;;STARFRUIT;SEASHELLS;4960;1
190600;;;STARFRUIT;SEASHELLS;4954;1
190700;;SUBMISSION;AMETHYSTS;SEASHELLS;10002;2
190700;;;STARFRUIT;SEASHELLS;4954;10
190800;SUBMISSION;;AMETHYSTS;SEASHELLS;9998;5
190900;;;STARFRUIT;SEASHELLS;4959;1
190900;;;STARFRUIT;SEASHELLS;4960;1
190900;;SUBMISSION;AMETHYSTS;SEASHELLS;10002;1
191000;;;AMETHYSTS;SEASHELLS;10002;1
191400;;;AMETHYSTS;SEASHELLS;9998;1
191500;SUBMISSION;;AMETHYSTS;SEASHELLS;9998;4
191700;;;AMETHYSTS;SEASHELLS;10004;2
191700;;;AMETHYSTS;SEASHELLS;10004;4
191800;;;STARFRUIT;SEASHELLS;4959;1
192000;;;AMETHYSTS;SEASHELLS;10002;1
192000;;;STARFRUIT;SEASHELLS;4960;1
192100;SUBMISSION;;AMETHYSTS;SEASHELLS;9998;1
192200;SUBMISSION;;AMETHYSTS;SEASHELLS;9998;2
192200;;;STARFRUIT;SEASHELLS;4954;5
192400;;;STARFRUIT;SEASHELLS;4954;1
192400;;;AMETHYSTS;SEASHELLS;9998;1
192500;SUBMISSION;;AMETHYSTS;SEASHELLS;9998;1
192600;;SUBMISSION;AMETHYSTS;SEASHELLS;10002;3
192700;;;AMETHYSTS;SEASHELLS;9996;5
192700;;;AMETHYSTS;SEASHELLS;9996;1
193300;;SUBMISSION;AMETHYSTS;SEASHELLS;10002;4
193300;;;AMETHYSTS;SEASHELLS;10002;1
193500;SUBMISSION;;AMETHYSTS;SEASHELLS;9998;1
193600;;;STARFRUIT;SEASHELLS;4960;14
193700;SUBMISSION;;AMETHYSTS;SEASHELLS;9998;1
193800;;;STARFRUIT;SEASHELLS;4958;1
194000;;;STARFRUIT;SEASHELLS;4952;1
194100;SUBMISSION;;AMETHYSTS;SEASHELLS;9998;1
194400;;;AMETHYSTS;SEASHELLS;10002;2
194400;;;STARFRUIT;SEASHELLS;4958;2
194600;;;STARFRUIT;SEASHELLS;4951;1
195100;;SUBMISSION;AMETHYSTS;SEASHELLS;10002;1
195100;;;STARFRUIT;SEASHELLS;4951;8
195100;;;AMETHYSTS;SEASHELLS;10002;4
195700;;SUBMISSION;AMETHYSTS;SEASHELLS;10002;1
195800;;;STARFRUIT;SEASHELLS;4956;1
195800;;;AMETHYSTS;SEASHELLS;10004;1
195900;SUBMISSION;;AMETHYSTS;SEASHELLS;9998;1
196000;;SUBMISSION;AMETHYSTS;SEASHELLS;10002;2
196000;;;AMETHYSTS;SEASHELLS;10002;1
196500;;;STARFRUIT;SEASHELLS;4956;1
197300;;;AMETHYSTS;SEASHELLS;9996;1
197300;;;STARFRUIT;SEASHELLS;4956;1
197400;;SUBMISSION;AMETHYSTS;SEASHELLS;10002;1
197500;;;STARFRUIT;SEASHELLS;4951;1
197700;;;AMETHYSTS;SEASHELLS;10002;2
197700;;;STARFRUIT;SEASHELLS;4956;2
198500;;;AMETHYSTS;SEASHELLS;10005;2
198500;;;STARFRUIT;SEASHELLS;4956;2
198500;SUBMISSION;;AMETHYSTS;SEASHELLS;9998;10
198800;;;STARFRUIT;SEASHELLS;4949;1
198900;;;STARFRUIT;SEASHELLS;4950;5
198900;;SUBMISSION;AMETHYSTS;SEASHELLS;10002;1
199000;;;STARFRUIT;SEASHELLS;4948;2
199000;;;AMETHYSTS;SEASHELLS;9996;2
199100;;;STARFRUIT;SEASHELLS;4948;1
199200;;;STARFRUIT;SEASHELLS;4950;2
199400;;;STARFRUIT;SEASHELLS;4950;1
199400;;;STARFRUIT;SEASHELLS;4950;3
199400;;;STARFRUIT;SEASHELLS;4954;1
199400;;;AMETHYSTS;SEASHELLS;10004;1
199400;;;STARFRUIT;SEASHELLS;4950;2
199500;;SUBMISSION;AMETHYSTS;SEASHELLS;10002;1
199600;;;STARFRUIT;SEASHELLS;4956;2
199600;;;AMETHYSTS;SEASHELLS;10002;2
